{
  "input_path": "D:\\= =\\3544\\project\\data\\model\\city_monthly_training_runs\\predictions.csv",
  "actual_col": "target_electricity_total_t_plus_1m",
  "prediction_cols": [
    "pred_naive_same_month_last_year",
    "pred_ridge",
    "pred_random_forest"
  ],
  "overall": {
    "pred_naive_same_month_last_year": {
      "mae": 1210.5656000000001,
      "rmse": 1396.1708410533113,
      "r2": 0.705429443131802,
      "row_count": 32
    },
    "pred_ridge": {
      "mae": 1143.6746081831545,
      "rmse": 1728.6439909608562,
      "r2": 0.5484318212469107,
      "row_count": 32
    },
    "pred_random_forest": {
      "mae": 454.191932674253,
      "rmse": 614.5958273847945,
      "r2": 0.942919019637279,
      "row_count": 32
    }
  },
  "by_group": {}
}