{
  "dataset_path": "D:\\= =\\3544\\project\\data\\model\\city_monthly_train_ready.csv",
  "target_col": "target_electricity_total_t_plus_1m",
  "train_rows": 125,
  "test_rows": 32,
  "simple_linear_regression": {
    "feature": "electricity_lag_12m",
    "intercept": 13240.2238176,
    "coefficient": 2071.8464560390025,
    "metrics": {
      "mae": 1155.4119768158484,
      "rmse": 1346.2236573902937,
      "r2": 0.7261286232017659,
      "mape": 0.08711261243716881
    }
  },
  "multiple_linear_regression": {
    "features": [
      "electricity_lag_1m",
      "electricity_lag_12m",
      "temp_mean_c_avg",
      "temp_max_c_peak",
      "rainfall_mm_sum",
      "public_holiday_days",
      "business_days",
      "immigration_total_cross_border_passengers",
      "public_transport_total_avg_daily_pax",
      "cross_harbour_total_pax",
      "building_consent_total_count",
      "occupation_permits_total_count",
      "occupation_permits_domestic_units",
      "building_completion_total_gfa",
      "building_completion_domestic_units",
      "gas_total_tj",
      "sin_month",
      "cos_month"
    ],
    "intercept": 13240.2238176,
    "coefficients": {
      "electricity_lag_1m": -38.736509593240804,
      "electricity_lag_12m": -441.84001186748964,
      "temp_mean_c_avg": 100.23688852023356,
      "temp_max_c_peak": -695.5467503119702,
      "rainfall_mm_sum": -12.75488291822149,
      "public_holiday_days": 1.5916157281026244e-12,
      "business_days": -11.913936917340171,
      "immigration_total_cross_border_passengers": 42.461808371832944,
      "public_transport_total_avg_daily_pax": 343.25344425438556,
      "cross_harbour_total_pax": -459.2486320580004,
      "building_consent_total_count": -47.30359066141548,
      "occupation_permits_total_count": 19.55944621527879,
      "occupation_permits_domestic_units": 26.5690056032126,
      "building_completion_total_gfa": 28.53799625962419,
      "building_completion_domestic_units": 26.56900560321234,
      "gas_total_tj": 117.93005756189172,
      "sin_month": -1183.1564988461976,
      "cos_month": -3298.207746835136
    },
    "metrics": {
      "mae": 684.9819313462393,
      "rmse": 857.5027728557006,
      "r2": 0.8888822919827986,
      "mape": 0.05073688894427737
    }
  }
}